metrics:	ochiai	ochiai2	tarantula	barinel	opt	dstar	meco	sgf_1	sgf_2	fo1	fo2	fo3	fo4	fo5	fo6	fo7	fo8	fo9	fo10	fo12	fo13	fo14	fo15	fo16	fo17	fo19	fo20	fo21	fo22	
Chart-1	0.12753294601105286	0.12753294601105286	0.12753294601105286	0.12753294601105286	0.12753294601105286	0.11336261867649143	0.11336261867649143	0.12753294601105286	0.12753294601105286	0.14170327334561428	0.6518350573898257	0.69434603939351	0.014170327334561429	0.028340654669122858	0.14170327334561428	2.451466628879127	2.4089556468754427	0.6518350573898257	2.4089556468754427	0.8360493127391243	0.6518350573898257	0.6234944027207029	0.8360493127391243	2.38061499220632	2.4089556468754427	
Chart-2	0.9789156626506024	1.1295180722891567	0.677710843373494	0.677710843373494	2.4096385542168677	1.0542168674698795	1.1295180722891567	0.9789156626506024	2.108433734939759	0.07530120481927711	1.2048192771084338	0.9789156626506024	0.15060240963855423	0.07530120481927711	0.37650602409638556	5.798192771084337	5.873493975903615	1.1295180722891567	5.873493975903615	2.033132530120482	1.0542168674698795	1.1295180722891567	2.183734939759036	5.873493975903615	5.873493975903615	
Chart-3	0.11933174224343675	0.11933174224343675	0.11933174224343675	0.11933174224343675	0.11933174224343675	0.11933174224343675	0.11933174224343675	0.11933174224343675	0.11933174224343675	0.2386634844868735	0.477326968973747	0.7159904534606205	0.11933174224343675	0.2386634844868735	0.2386634844868735	6.443914081145585	6.085918854415274	0.477326968973747	6.085918854415274	2.1479713603818618	0.477326968973747	0.11933174224343675	2.1479713603818618	5.847255369928401	6.085918854415274	
Chart-4	0.06798640271945611	0.06798640271945611	0.10397920415916817	0.20395920815836832	0.03199360127974405	0.059988002399520096	0.03199360127974405	0.06798640271945611	0.03199360127974405	0.6958608278344331	0.035992801439712056	1.3597280543891221	0.003999200159968006	0.05598880223955209	0.6798640271945611	1.5916816636672666	0.2679464107178564	0.5678864227154569	1.0437912417516497	0.35592881423715256	1.3597280543891221	0.035992801439712056	0.33993201359728054	0.2679464107178564	1.5916816636672666	
Chart-5	1.056338028169014	1.056338028169014	1.056338028169014	1.056338028169014	1.056338028169014	1.056338028169014	1.056338028169014	1.056338028169014	1.056338028169014	1.408450704225352	2.464788732394366	3.1690140845070425	0.352112676056338	0.704225352112676	1.408450704225352	15.140845070422536	14.084507042253522	2.464788732394366	14.084507042253522	3.8732394366197185	2.464788732394366	1.408450704225352	3.8732394366197185	13.380281690140846	14.084507042253522	
Chart-6	1.7751479289940828	1.9230769230769231	2.2189349112426036	2.514792899408284	0.591715976331361	1.7751479289940828	2.514792899408284	1.7751479289940828	0.591715976331361	2.662721893491124	8.875739644970414	9.023668639053254	0.14792899408284024	0.4437869822485207	2.662721893491124	2.0710059171597632	2.0710059171597632	8.875739644970414	2.0710059171597632	1.6272189349112427	8.875739644970414	9.023668639053254	1.6272189349112427	2.0710059171597632	2.0710059171597632	
Chart-7	0.8333333333333334	0.8333333333333334	0.8333333333333334	0.8333333333333334	0.8333333333333334	0.8333333333333334	0.8333333333333334	0.8333333333333334	0.8333333333333334	1.0416666666666667	3.125	3.5416666666666665	0.20833333333333334	0.4166666666666667	1.0416666666666667	8.541666666666666	7.916666666666667	3.125	7.916666666666667	2.9166666666666665	3.125	2.5	2.9166666666666665	7.5	7.916666666666667	
Chart-8	0.5154639175257731	0.5154639175257731	0.5154639175257731	0.5154639175257731	0.5154639175257731	0.5154639175257731	0.5154639175257731	0.5154639175257731	0.5154639175257731	1.5463917525773196	2.577319587628866	3.6082474226804124	0.5154639175257731	1.0309278350515463	1.5463917525773196	6.185567010309279	4.639175257731959	2.577319587628866	4.639175257731959	2.0618556701030926	2.577319587628866	1.0309278350515463	2.0618556701030926	3.6082474226804124	4.639175257731959	
Chart-9	0.10515247108307045	0.10515247108307045	0.10515247108307045	0.10515247108307045	0.10515247108307045	0.10515247108307045	0.10515247108307045	0.10515247108307045	0.10515247108307045	0.2103049421661409	0.31545741324921134	0.5257623554153522	0.10515247108307045	0.2103049421661409	0.10515247108307045	7.04521556256572	6.8349106203995795	0.31545741324921134	6.8349106203995795	3.259726603575184	0.31545741324921134	0.10515247108307045	3.1545741324921135	6.624605678233438	6.8349106203995795	
Chart-10	33.333333333333336	33.333333333333336	33.333333333333336	33.333333333333336	33.333333333333336	33.333333333333336	33.333333333333336	33.333333333333336	33.333333333333336	33.333333333333336	33.333333333333336	33.333333333333336	33.333333333333336	33.333333333333336	33.333333333333336	33.333333333333336	33.333333333333336	33.333333333333336	33.333333333333336	33.333333333333336	33.333333333333336	33.333333333333336	33.333333333333336	33.333333333333336	33.333333333333336	33.333333333333336	33.333333333333336	33.333333333333336	33.333333333333336	
Chart-11	0.5181347150259067	0.5181347150259067	0.5181347150259067	0.5181347150259067	0.5181347150259067	0.5181347150259067	0.5181347150259067	0.5181347150259067	0.5181347150259067	1.5544041450777202	3.1088082901554404	3.1088082901554404	0.5181347150259067	1.0362694300518134	1.5544041450777202	5.699481865284974	5.181347150259067	3.1088082901554404	5.181347150259067	0.5181347150259067	3.1088082901554404	2.5906735751295336	0.5181347150259067	5.181347150259067	5.181347150259067	
Chart-12	0.06917223887479824	0.06917223887479824	0.06917223887479824	0.06917223887479824	0.06917223887479824	0.04611482591653217	0.04611482591653217	0.06917223887479824	0.06917223887479824	0.09222965183306434	0.1383444777495965	0.20751671662439475	0.023057412958266084	0.04611482591653217	0.09222965183306434	3.320267465990316	3.251095227115518	0.1383444777495965	3.251095227115518	1.106755821996772	0.1383444777495965	0.09222965183306434	1.106755821996772	3.2049804011989855	3.251095227115518	
Chart-13	
Chart-14	0.015837820715869498	0.015837820715869498	0.015837820715869498	0.015837820715869498	0.5543237250554324	0.031675641431738996	0.07918910357934748	0.015837820715869498	0.5543237250554324	0.031675641431738996	0.015837820715869498	0.06335128286347799	0.06335128286347799	0.031675641431738996	0.015837820715869498	2.51821349382325	2.5023756731073803	0.015837820715869498	2.5023756731073803	0.6335128286347799	0.015837820715869498	0.015837820715869498	0.6176750079189104	2.4707000316756416	2.5023756731073803	
Chart-15	0.025092004014720642	0.025092004014720642	0.025092004014720642	0.025092004014720642	0.025092004014720642	0.01672800267648043	0.01672800267648043	0.025092004014720642	0.025092004014720642	0.008364001338240215	0.03345600535296086	0.025092004014720642	0.008364001338240215	0.008364001338240215	0.025092004014720642	1.5807962529274004	1.597524255603881	0.03345600535296086	1.597524255603881	0.5520240883238541	0.03345600535296086	0.025092004014720642	0.5520240883238541	1.5807962529274004	1.597524255603881	
Chart-16	0.33557046979865773	0.33557046979865773	0.33557046979865773	0.33557046979865773	0.33557046979865773	0.33557046979865773	0.33557046979865773	0.33557046979865773	0.33557046979865773	0.6711409395973155	0.33557046979865773	1.342281879194631	0.33557046979865773	0.6711409395973155	0.33557046979865773	7.382550335570469	3.6912751677852347	0.33557046979865773	6.040268456375839	4.3624161073825505	0.33557046979865773	0.33557046979865773	2.0134228187919465	3.0201342281879193	7.718120805369128	
Chart-17	0.1865671641791045	0.1865671641791045	0.1865671641791045	0.1865671641791045	0.1865671641791045	0.1865671641791045	0.1865671641791045	0.1865671641791045	0.1865671641791045	0.2798507462686567	0.4664179104477612	0.6529850746268657	0.09328358208955224	0.1865671641791045	0.2798507462686567	6.809701492537314	6.529850746268656	0.4664179104477612	6.529850746268656	1.6791044776119404	0.4664179104477612	0.1865671641791045	1.6791044776119404	6.343283582089552	6.529850746268656	
Chart-18	0.25510204081632654	0.25510204081632654	0.25510204081632654	0.25510204081632654	0.25510204081632654	0.25510204081632654	0.25510204081632654	0.25510204081632654	0.25510204081632654	1.2755102040816326	0.25510204081632654	2.5510204081632653	0.25510204081632654	0.7653061224489796	0.25510204081632654	13.775510204081632	10.204081632653061	0.25510204081632654	13.26530612244898	6.122448979591836	1.2755102040816326	0.25510204081632654	4.591836734693878	8.673469387755102	13.520408163265307	
Chart-19	0.022256843979523704	0.022256843979523704	0.022256843979523704	0.022256843979523704	1.3799243267304697	0.022256843979523704	0.04451368795904741	0.022256843979523704	1.3354106387714222	0.04451368795904741	0.022256843979523704	0.08902737591809481	0.04451368795904741	0.04451368795904741	0.022256843979523704	3.449810816826174	3.4275539728466504	0.022256843979523704	3.4275539728466504	1.4912085466280882	0.022256843979523704	0.022256843979523704	1.4689517026485643	3.383040284887603	3.4275539728466504	
Chart-20	0.9671179883945842	0.9671179883945842	0.9671179883945842	0.9671179883945842	0.9671179883945842	0.9671179883945842	0.9671179883945842	0.9671179883945842	0.9671179883945842	1.1605415860735009	7.93036750483559	7.93036750483559	0.19342359767891681	0.38684719535783363	1.1605415860735009	2.7079303675048356	2.7079303675048356	7.93036750483559	2.7079303675048356	1.3539651837524178	7.93036750483559	7.93036750483559	1.3539651837524178	2.7079303675048356	2.7079303675048356	
Chart-21	0.33613445378151263	0.33613445378151263	0.33613445378151263	0.33613445378151263	0.33613445378151263	0.16806722689075632	0.16806722689075632	0.33613445378151263	0.33613445378151263	0.5042016806722689	0.5042016806722689	1.0084033613445378	0.16806722689075632	0.33613445378151263	0.33613445378151263	8.403361344537815	8.067226890756302	0.5042016806722689	8.067226890756302	4.033613445378151	0.5042016806722689	0.33613445378151263	3.865546218487395	7.73109243697479	8.067226890756302	
Chart-22	0.4065040650406504	0.4065040650406504	0.4065040650406504	0.4065040650406504	4.878048780487805	1.6260162601626016	0.8130081300813008	0.4065040650406504	2.032520325203252	0.8130081300813008	3.252032520325203	1.6260162601626016	2.032520325203252	0.8130081300813008	0.4065040650406504	7.723577235772358	8.130081300813009	0.4065040650406504	9.34959349593496	7.317073170731708	0.4065040650406504	4.471544715447155	5.284552845528455	6.9105691056910565	8.536585365853659	
Chart-23	
Chart-24	4.0	4.0	4.0	4.0	4.0	12.0	12.0	4.0	4.0	8.0	4.0	16.0	4.0	8.0	4.0	24.0	20.0	4.0	20.0	16.0	4.0	4.0	12.0	12.0	20.0	
Chart-25	0.036849378166743434	0.036849378166743434	0.009212344541685858	0.009212344541685858	1.372639336711193	0.07369875633348687	0.5527406725011516	0.036849378166743434	1.3634269921695072	0.018424689083371717	0.09212344541685859	0.07369875633348687	0.018424689083371717	0.027637033625057577	0.036849378166743434	2.3215108245048364	2.4136342699216953	0.009212344541685858	2.432058959005067	1.492399815753109	0.036849378166743434	0.12897282358360201	1.501612160294795	2.3767848917549514	2.3583602026715798	
Chart-26	0.014620595545591891	0.014620595545591891	0.03898825478824504	0.09259710512208197	0.014620595545591891	0.00974706369706126	0.00974706369706126	0.014620595545591891	0.014620595545591891	1.106291729616453	0.014620595545591891	1.725230274379843	0.00487353184853063	0.10721770066767386	0.014620595545591891	2.2515717140211513	0.5409620351868999	0.13645889175885764	2.1053657585652323	1.8860568253813539	1.7203567425313124	0.014620595545591891	0.7943856913104927	0.5409620351868999	2.2466981821726204	
Time-1	0.05064573309698658	0.05064573309698658	0.05064573309698658	0.05064573309698658	0.05064573309698658	0.02532286654849329	0.02532286654849329	0.05064573309698658	0.05064573309698658	0.07596859964547986	0.2025829323879463	0.2785515320334262	0.02532286654849329	0.05064573309698658	0.07596859964547986	7.7994428969359335	7.748797163838947	0.2025829323879463	7.748797163838947	2.988098252722208	0.2025829323879463	0.15193719929095972	2.988098252722208	7.723474297290453	7.748797163838947	
Time-2	0.03506926179203928	0.03506926179203928	0.03506926179203928	0.03506926179203928	0.03506926179203928	0.03506926179203928	0.03506926179203928	0.03506926179203928	0.03506926179203928	0.01753463089601964	0.14027704716815712	0.14027704716815712	0.01753463089601964	0.01753463089601964	0.03506926179203928	6.768367525863581	6.733298264071541	0.14027704716815712	6.733298264071541	4.453796247588988	0.14027704716815712	0.0876731544800982	4.453796247588988	6.698229002279502	6.733298264071541	
Time-3	0.01701837985023826	0.01701837985023826	0.01701837985023826	0.01701837985023826	0.01701837985023826	0.01701837985023826	0.01701837985023826	0.01701837985023826	0.01701837985023826	0.01701837985023826	0.01701837985023826	0.03403675970047652	0.01701837985023826	0.01701837985023826	0.01701837985023826	8.78148400272294	8.339006126616747	0.03403675970047652	8.69639210347175	4.186521443158611	0.03403675970047652	0.01701837985023826	4.152484683458135	8.168822328114363	8.815520762423418	
Time-4	0.11979235990949022	0.11979235990949022	0.11979235990949022	0.11979235990949022	0.11979235990949022	0.10648209769732464	0.10648209769732464	0.11979235990949022	0.11979235990949022	0.1331026221216558	0.43923865300146414	0.4791694396379609	0.01331026221216558	0.02662052442433116	0.1331026221216558	7.640090509783043	7.600159723146546	0.43923865300146414	7.600159723146546	3.513909224011713	0.43923865300146414	0.412618128577133	3.513909224011713	7.573539198722215	7.600159723146546	
Time-5	0.045819014891179836	0.045819014891179836	0.045819014891179836	0.045819014891179836	0.045819014891179836	0.045819014891179836	0.045819014891179836	0.045819014891179836	0.045819014891179836	0.022909507445589918	0.09163802978235967	0.2520045819014891	0.022909507445589918	0.022909507445589918	0.045819014891179836	10.148911798396334	9.942726231386025	0.29782359679266895	10.126002290950744	2.9324169530355095	0.27491408934707906	0.045819014891179836	2.84077892325315	9.782359679266897	10.263459335624285	
Time-6	
Time-7	0.03984592907424625	0.03984592907424625	0.03984592907424625	0.03984592907424625	0.03984592907424625	0.026563952716164164	0.026563952716164164	0.03984592907424625	0.03984592907424625	0.0796918581484925	0.33204940895205204	0.4515871961747908	0.013281976358082082	0.03984592907424625	0.0796918581484925	8.03559569663966	7.916057909416922	0.3586133616682162	7.942621862133086	4.369770221809005	0.3984592907424625	0.2789215035197237	4.369770221809005	7.862930003984593	7.982467791207331	
Time-8	0.24861878453038674	0.24861878453038674	0.24861878453038674	0.24861878453038674	0.24861878453038674	0.22099447513812154	0.22099447513812154	0.24861878453038674	0.24861878453038674	0.027624309392265192	0.19337016574585636	0.22099447513812154	0.027624309392265192	0.027624309392265192	0.08287292817679558	7.541436464088398	7.513812154696133	0.19337016574585636	7.513812154696133	1.4640883977900552	0.19337016574585636	0.22099447513812154	1.4640883977900552	7.458563535911602	7.513812154696133	
Time-9	0.08296460176991151	0.08296460176991151	0.08296460176991151	0.08296460176991151	0.08296460176991151	0.05530973451327434	0.05530973451327434	0.08296460176991151	0.08296460176991151	0.11061946902654868	0.22123893805309736	0.30420353982300885	0.02765486725663717	0.05530973451327434	0.11061946902654868	7.411504424778761	7.383849557522124	0.22123893805309736	7.383849557522124	1.4933628318584071	0.22123893805309736	0.16592920353982302	1.4933628318584071	7.356194690265487	7.383849557522124	
Time-10	0.025970653161927024	0.038955979742890535	0.05194130632385405	0.06492663290481755	0.025970653161927024	0.025970653161927024	0.025970653161927024	0.025970653161927024	0.025970653161927024	0.2077652252954162	0.16880924555252563	0.3116478379431243	0.012985326580963512	0.038955979742890535	0.18179457213348915	7.817166601740034	7.687313335930399	0.2337358784573432	7.713283989092326	3.038566419945462	0.2597065316192702	0.1168679392286716	3.0125957667835346	7.635372029606545	7.778210621997143	
Time-11	0.060144346431435444	0.060144346431435444	0.060144346431435444	0.060144346431435444	0.060144346431435444	0.040096230954290296	0.040096230954290296	0.060144346431435444	0.060144346431435444	0.08019246190858059	0.12028869286287089	0.18043303929430635	0.020048115477145148	0.040096230954290296	0.08019246190858059	8.961507618283882	8.901363271852446	0.12028869286287089	8.901363271852446	3.247794707297514	0.12028869286287089	0.08019246190858059	3.247794707297514	8.861267040898156	8.901363271852446	
Time-12	0.036010082823190494	0.036010082823190494	0.018005041411595247	0.018005041411595247	4.159164566078502	0.14404033129276198	0.34209578682030967	0.036010082823190494	2.934821750090025	0.036010082823190494	0.05401512423478574	0.16204537270435723	0.05401512423478574	0.036010082823190494	0.018005041411595247	8.894490457328052	8.840475333093266	0.05401512423478574	8.858480374504861	4.123154483255312	0.09002520705797623	0.07202016564638099	4.141159524666906	8.768455167446884	8.840475333093266	
Time-13	
Time-14	0.028768699654775604	0.028768699654775604	0.028768699654775604	0.05753739930955121	0.014384349827387802	0.028768699654775604	0.014384349827387802	0.028768699654775604	0.014384349827387802	0.5178365937859609	0.014384349827387802	1.4959723820483315	0.014384349827387802	0.10069044879171461	0.27330264672036825	9.42174913693901	8.155926352128883	0.33084004602991945	9.105293440736478	4.847525891829689	1.2802071346375143	0.014384349827387802	4.602991944764097	7.940161104718067	9.42174913693901	
Time-15	1.1428571428571428	1.1428571428571428	1.1428571428571428	1.1428571428571428	1.1428571428571428	0.5714285714285714	0.5714285714285714	1.1428571428571428	1.1428571428571428	1.7142857142857142	6.285714285714286	7.428571428571429	0.5714285714285714	1.1428571428571428	1.7142857142857142	21.714285714285715	21.142857142857142	6.285714285714286	21.142857142857142	2.2857142857142856	6.285714285714286	6.285714285714286	2.2857142857142856	20.571428571428573	21.142857142857142	
Time-16	
Time-17	0.025182573659027953	0.025182573659027953	0.025182573659027953	0.025182573659027953	0.025182573659027953	0.025182573659027953	0.025182573659027953	0.025182573659027953	0.025182573659027953	0.05036514731805591	0.10073029463611181	0.15109544195416771	0.025182573659027953	0.05036514731805591	0.05036514731805591	10.778141526063964	10.70259380508688	0.10073029463611181	10.70259380508688	3.777386048854193	0.10073029463611181	0.025182573659027953	3.777386048854193	10.652228657768823	10.70259380508688	
Time-18	0.06879156156844761	0.06879156156844761	0.06879156156844761	0.06879156156844761	0.5503324925475809	0.06879156156844761	0.06879156156844761	0.06879156156844761	0.06879156156844761	0.022930520522815866	0.45861041045631734	0.45861041045631734	0.04586104104563173	0.022930520522815866	0.04586104104563173	9.974776427424903	9.974776427424903	0.45861041045631734	9.974776427424903	3.3707865168539324	0.45861041045631734	0.4356798899335015	3.3707865168539324	9.928915386379272	9.974776427424903	
Time-19	1.0576414595452142	1.0576414595452142	1.0576414595452142	1.0576414595452142	1.3220518244315178	1.0576414595452142	1.0576414595452142	1.0576414595452142	1.0576414595452142	1.6922263352723428	6.099065750044068	6.099065750044068	0.035254715318173806	0.035254715318173806	1.6922263352723428	3.296315882249251	3.296315882249251	6.099065750044068	3.296315882249251	2.4854574299312535	6.099065750044068	6.099065750044068	2.4854574299312535	3.296315882249251	3.296315882249251	
Time-20	
Time-21	0	0	0	0	0	0	0	0	0	0	0	0	0	0	0	0	0	0	0	0	0	0	0	0	0	0	0	0	0	
Time-22	3.390928725701944	1.857451403887689	0.5831533477321814	0.5615550755939525	3.736501079913607	3.326133909287257	0.23758099352051837	3.390928725701944	3.4773218142548594	1.0151187904967602	3.002159827213823	1.900647948164147	0.28077753779697623	0.06479481641468683	1.0151187904967602	7.840172786177106	9.200863930885529	1.857451403887689	9.157667386609072	5.269978401727862	1.8142548596112311	3.1749460043196542	5.269978401727862	9.114470842332613	8.012958963282937	
Time-23	1.0120177103099304	1.3915243516761544	1.2650221378874131	1.7710309930423782	0.06325110689437065	0.9487666034155597	1.8342820999367488	1.0120177103099304	1.3282732447817838	1.075268817204301	0.3795066413662239	6.83111954459203	0.06325110689437065	0.3795066413662239	1.075268817204301	7.8431372549019605	1.454775458570525	4.364326375711575	3.85831752055661	1.2650221378874131	6.7678684376976594	0.3795066413662239	1.2650221378874131	1.3915243516761544	7.8431372549019605	
Time-24	6.497665110073382	6.644429619746497	6.457638425617078	6.631087391594396	6.644429619746497	6.537691794529686	6.631087391594396	6.484322881921281	6.57771847898599	0.0133422281521014	2.601734489659773	0.0133422281521014	0.3468979319546364	0.0133422281521014	0.0933955970647098	6.831220813875917	9.633088725817212	0.0133422281521014	9.606404269513009	6.484322881921281	0.0133422281521014	2.801867911941294	6.564376250833889	9.633088725817212	7.031354236157438	
Time-25	
Time-26	
Mockito-1	0.034071550255536626	0.034071550255536626	0.034071550255536626	0.034071550255536626	0.034071550255536626	12.43611584327087	12.572402044293016	0.034071550255536626	0.034071550255536626	5.485519591141397	0.034071550255536626	12.43611584327087	0.034071550255536626	0.9540034071550255	0.034071550255536626	17.06984667802385	4.735945485519591	0.034071550255536626	17.035775127768314	12.53833049403748	12.402044293015333	0.034071550255536626	7.086882453151619	4.701873935264055	17.103918228279387	
Mockito-2	0.0665335994677312	0.0665335994677312	0.1330671989354624	0.1996007984031936	0.0665335994677312	0.0665335994677312	0.0665335994677312	0.0665335994677312	0.0665335994677312	1.1310711909514304	0.3992015968063872	1.996007984031936	0.0665335994677312	0.2661343978709248	0.9314703925482368	15.169660678642714	13.639387890884898	1.1310711909514304	14.105123087159015	2.1290751829673984	1.596806387225549	0.0665335994677312	1.9294743845642048	13.24018629407851	14.836992681304059	
Mockito-3	0.04	0.04	0.12	0.24	0.04	0.04	0.04	0.04	0.04	2.24	0.04	5.56	0.04	0.4	1.84	16.96	11.56	1.2	15.0	8.8	5.12	0.04	8.48	11.32	16.96	
Mockito-4	0.042716787697565144	0.042716787697565144	0.042716787697565144	0.042716787697565144	4.186245194361384	0.042716787697565144	0.08543357539513029	0.042716787697565144	0.17086715079026057	0.08543357539513029	0.042716787697565144	0.17086715079026057	0.12815036309269542	0.08543357539513029	0.042716787697565144	14.011106364801368	13.583938487825716	0.042716787697565144	13.754805638615975	6.407518154634771	0.042716787697565144	0.042716787697565144	6.407518154634771	13.45578812473302	13.925672789406237	
Mockito-5	1.695692025664528	1.695692025664528	1.695692025664528	1.695692025664528	1.7186067827681026	1.6727772685609532	1.6727772685609532	1.695692025664528	1.695692025664528	0.022914757103574702	0.045829514207149404	0.045829514207149404	0.045829514207149404	0.022914757103574702	0.045829514207149404	8.730522456461962	8.730522456461962	0.045829514207149404	8.730522456461962	1.5811182401466544	0.045829514207149404	0.06874427131072411	1.6040329972502292	8.753437213565537	8.730522456461962	
Mockito-6	0.038182512409316534	0.038182512409316534	0.07636502481863307	0.07636502481863307	7.560137457044673	0.07636502481863307	0.07636502481863307	0.038182512409316534	5.345551737304315	0.038182512409316534	0.07636502481863307	0.07636502481863307	0.2290950744558992	0.038182512409316534	0.038182512409316534	13.020236731576938	13.020236731576938	0.07636502481863307	13.096601756395572	7.331042382588774	0.07636502481863307	0.19091256204658266	7.331042382588774	12.867506681939672	12.943871706758305	
Mockito-7	
Mockito-8	
Mockito-9	0.4631578947368421	0.4631578947368421	0.5473684210526316	0.5473684210526316	1.431578947368421	0.4631578947368421	0.3368421052631579	0.4631578947368421	0.21052631578947367	1.0947368421052632	2.9894736842105263	3.663157894736842	0.08421052631578947	0.16842105263157894	1.0947368421052632	12.463157894736842	11.705263157894738	3.3263157894736843	11.873684210526315	4.126315789473685	3.4947368421052634	2.778947368421053	4.126315789473685	11.578947368421053	12.210526315789474	
Mockito-10	0.5324813631522897	0.5324813631522897	0.5324813631522897	0.5324813631522897	1.8636847710330138	0.5324813631522897	0.5324813631522897	0.5324813631522897	0.5857294994675186	0.5857294994675186	1.9169329073482428	2.07667731629393	0.10649627263045794	0.10649627263045794	0.5857294994675186	14.802981895633653	14.696485623003195	1.9169329073482428	14.696485623003195	6.7092651757188495	1.9169329073482428	1.8636847710330138	6.7092651757188495	14.589989350372736	14.696485623003195	
Mockito-11	0.09891196834817013	0.09891196834817013	0.09891196834817013	0.09891196834817013	3.9564787339268053	0.09891196834817013	0.09891196834817013	0.09891196834817013	0.09891196834817013	0.09891196834817013	0.09891196834817013	0.09891196834817013	0.29673590504451036	0.09891196834817013	0.09891196834817013	16.320474777448073	15.825914935707221	0.09891196834817013	16.023738872403563	8.506429277942631	0.09891196834817013	0.09891196834817013	8.506429277942631	15.43026706231454	16.320474777448073	
Mockito-12	0	0	0	0	0	0	0	0	0	0	0	0	0	0	0	0	0	0	0	0	0	0	0	0	0	0	0	0	0	
Mockito-13	0	0	0	0	0	0	0	0	0	0	0	0	0	0	0	0	0	0	0	0	0	0	0	0	0	0	0	0	0	
Mockito-14	0	0	0	0	0	0	0	0	0	0	0	0	0	0	0	0	0	0	0	0	0	0	0	0	0	0	0	0	0	
Mockito-15	0	0	0	0	0	0	0	0	0	0	0	0	0	0	0	0	0	0	0	0	0	0	0	0	0	0	0	0	0	
Mockito-16	0	0	0	0	0	0	0	0	0	0	0	0	0	0	0	0	0	0	0	0	0	0	0	0	0	0	0	0	0	
Mockito-17	0	0	0	0	0	0	0	0	0	0	0	0	0	0	0	0	0	0	0	0	0	0	0	0	0	0	0	0	0	
Mockito-18	0.27051397655545534	0.27051397655545534	0.27051397655545534	0.27051397655545534	0.27051397655545534	0.27051397655545534	0.27051397655545534	0.27051397655545534	0.27051397655545534	3.967538322813345	12.082957619477007	12.082957619477007	0.09017132551848513	0.18034265103697025	3.967538322813345	3.1559963931469794	3.1559963931469794	12.082957619477007	3.1559963931469794	0.6311992786293958	12.082957619477007	12.082957619477007	0.6311992786293958	3.1559963931469794	3.1559963931469794	
Mockito-19	0.316288877174486	0.316288877174486	0.316288877174486	0.316288877174486	0.316288877174486	0.316288877174486	0.316288877174486	0.316288877174486	0.316288877174486	0.36900369003690037	1.3705851344227729	1.4760147601476015	0.05271481286241434	0.10542962572482868	0.36900369003690037	11.860832894043225	11.755403268318398	1.3705851344227729	11.755403268318398	7.4327886136004215	1.3705851344227729	1.2124406958355298	7.4327886136004215	11.702688455455982	11.755403268318398	
Mockito-20	0.7188498402555911	2.31629392971246	1.3578274760383386	3.3546325878594248	0.1597444089456869	0.7587859424920128	6.5495207667731625	0.7188498402555911	2.236421725239617	0.039936102236421724	0.11980830670926518	0.039936102236421724	0.039936102236421724	0.039936102236421724	0.1597444089456869	7.268370607028754	3.6741214057507987	0.039936102236421724	5.31150159744409	0.11980830670926518	0.039936102236421724	0.4792332268370607	0.11980830670926518	3.0750798722044728	6.669329073482428	
Mockito-21	0.099601593625498	0.099601593625498	0.099601593625498	0.099601593625498	0.796812749003984	0.099601593625498	0.099601593625498	0.099601593625498	0.099601593625498	0.199203187250996	0.29880478087649404	0.49800796812749004	0.199203187250996	0.199203187250996	0.099601593625498	15.43824701195219	15.139442231075698	0.29880478087649404	15.139442231075698	3.685258964143426	0.29880478087649404	0.099601593625498	3.685258964143426	14.9402390438247	15.139442231075698	
Mockito-22	0	0	0	0	0	0	0	0	0	0	0	0	0	0	0	0	0	0	0	0	0	0	0	0	0	0	0	0	0	
Mockito-23	0	0	0	0	0	0	0	0	0	0	0	0	0	0	0	0	0	0	0	0	0	0	0	0	0	0	0	0	0	
Mockito-24	0	0	0	0	0	0	0	0	0	0	0	0	0	0	0	0	0	0	0	0	0	0	0	0	0	0	0	0	0	
Mockito-25	0	0	0	0	0	0	0	0	0	0	0	0	0	0	0	0	0	0	0	0	0	0	0	0	0	0	0	0	0	
Mockito-26	0	0	0	0	0	0	0	0	0	0	0	0	0	0	0	0	0	0	0	0	0	0	0	0	0	0	0	0	0	
Mockito-27	0	0	0	0	0	0	0	0	0	0	0	0	0	0	0	0	0	0	0	0	0	0	0	0	0	0	0	0	0	
Mockito-28	0	0	0	0	0	0	0	0	0	0	0	0	0	0	0	0	0	0	0	0	0	0	0	0	0	0	0	0	0	
Mockito-29	0	0	0	0	0	0	0	0	0	0	0	0	0	0	0	0	0	0	0	0	0	0	0	0	0	0	0	0	0	
Mockito-30	0	0	0	0	0	0	0	0	0	0	0	0	0	0	0	0	0	0	0	0	0	0	0	0	0	0	0	0	0	
Mockito-31	0	0	0	0	0	0	0	0	0	0	0	0	0	0	0	0	0	0	0	0	0	0	0	0	0	0	0	0	0	
Mockito-32	0	0	0	0	0	0	0	0	0	0	0	0	0	0	0	0	0	0	0	0	0	0	0	0	0	0	0	0	0	
Mockito-33	0	0	0	0	0	0	0	0	0	0	0	0	0	0	0	0	0	0	0	0	0	0	0	0	0	0	0	0	0	
Mockito-34	0	0	0	0	0	0	0	0	0	0	0	0	0	0	0	0	0	0	0	0	0	0	0	0	0	0	0	0	0	
Mockito-35	0	0	0	0	0	0	0	0	0	0	0	0	0	0	0	0	0	0	0	0	0	0	0	0	0	0	0	0	0	
Mockito-36	0	0	0	0	0	0	0	0	0	0	0	0	0	0	0	0	0	0	0	0	0	0	0	0	0	0	0	0	0	
Mockito-37	0	0	0	0	0	0	0	0	0	0	0	0	0	0	0	0	0	0	0	0	0	0	0	0	0	0	0	0	0	
Mockito-38	0	0	0	0	0	0	0	0	0	0	0	0	0	0	0	0	0	0	0	0	0	0	0	0	0	0	0	0	0	
Math-1	0.07883326763894363	0.07883326763894363	0.039416633819471816	0.039416633819471816	0.5912495072920773	0.07883326763894363	0.27591643673630273	0.07883326763894363	0.5124162396531337	0.07883326763894363	0.15766653527788727	0.1970831690973591	0.07883326763894363	0.07883326763894363	0.039416633819471816	7.80449349625542	7.765076862435948	0.11824990145841545	7.765076862435948	1.4978320851399292	0.11824990145841545	0.07883326763894363	1.4584154513204572	7.686243594797005	7.725660228616476	
Math-2	0.048426150121065374	0.048426150121065374	0.048426150121065374	0.048426150121065374	0.048426150121065374	0.048426150121065374	0.048426150121065374	0.048426150121065374	0.048426150121065374	0.09685230024213075	0.9685230024213075	1.0653753026634383	0.048426150121065374	0.09685230024213075	0.09685230024213075	8.571428571428571	8.426150121065374	0.9685230024213075	8.426150121065374	1.0169491525423728	0.9685230024213075	0.8232445520581114	1.0169491525423728	8.329297820823244	8.426150121065374	
Math-3	
Math-4	
Math-5	0.43478260869565216	0.43478260869565216	0.43478260869565216	0.43478260869565216	0.43478260869565216	3.4782608695652173	3.4782608695652173	0.43478260869565216	0.43478260869565216	0.8695652173913043	0.43478260869565216	1.7391304347826086	0.43478260869565216	0.8695652173913043	0.43478260869565216	18.695652173913043	18.26086956521739	0.43478260869565216	18.26086956521739	3.9130434782608696	0.43478260869565216	0.43478260869565216	3.4782608695652173	17.391304347826086	18.26086956521739	
Math-6	0.6712886541212721	0.6932981181908221	0.31913722900847363	0.1650709805216243	0.1870804445911742	0.5832507978430725	0.2861230329041488	0.6712886541212721	0.1870804445911742	0.011004732034774953	0.2861230329041488	0.011004732034774953	0.011004732034774953	0.011004732034774953	0.19808517662594916	2.5420931000330143	0.3741608891823484	0.011004732034774953	1.6947287333553427	0.5942555298778475	0.011004732034774953	0.26411356883459886	0.5392318697039727	0.3741608891823484	2.608121492241664	
Math-7	0.13759889920880633	0.13759889920880633	0.13759889920880633	0.13759889920880633	0.13759889920880633	0.13759889920880633	0.13759889920880633	0.13759889920880633	0.13759889920880633	0.03439972480220158	0.10319917440660474	0.10319917440660474	0.03439972480220158	0.03439972480220158	0.03439972480220158	8.359133126934985	8.25593395252838	0.10319917440660474	8.25593395252838	4.437564499484004	0.10319917440660474	0.10319917440660474	4.437564499484004	8.187134502923977	8.25593395252838	
Math-8	0.10319917440660474	0.10319917440660474	0.10319917440660474	0.10319917440660474	0.10319917440660474	1.6511867905056758	1.6511867905056758	0.10319917440660474	0.10319917440660474	0.20639834881320948	0.10319917440660474	0.41279669762641896	0.10319917440660474	0.20639834881320948	0.10319917440660474	10.939112487100104	10.8359133126935	0.10319917440660474	10.8359133126935	1.7543859649122806	0.10319917440660474	0.10319917440660474	1.6511867905056758	10.62951496388029	10.8359133126935	
Math-9	0.046468401486988845	0.046468401486988845	0.046468401486988845	0.046468401486988845	0.046468401486988845	0.6970260223048327	0.6970260223048327	0.046468401486988845	0.046468401486988845	0.09293680297397769	0.046468401486988845	0.18587360594795538	0.046468401486988845	0.09293680297397769	0.046468401486988845	8.689591078066915	8.643122676579926	0.046468401486988845	8.643122676579926	0.7434944237918215	0.046468401486988845	0.046468401486988845	0.6970260223048327	8.550185873605948	8.643122676579926	
Math-10	
Math-11	0.014267370523612499	0.014267370523612499	0.014267370523612499	0.014267370523612499	0.014267370523612499	0.014267370523612499	0.014267370523612499	0.014267370523612499	0.014267370523612499	0.028534741047224997	0.057069482094449994	0.08560422314167498	0.014267370523612499	0.028534741047224997	0.028534741047224997	4.365815380225424	4.323013268654587	0.057069482094449994	4.323013268654587	1.3982023113140247	0.057069482094449994	0.014267370523612499	1.3982023113140247	4.294478527607362	4.323013268654587	
Math-12	
Math-13	
Math-14	0.21535148438701737	0.21535148438701737	0.21535148438701737	0.21535148438701737	0.21535148438701737	0.21535148438701737	0.21535148438701737	0.21535148438701737	0.21535148438701737	0.015382248884786957	1.5382248884786955	1.5228426395939085	0.015382248884786957	0.015382248884786957	0.015382248884786957	2.9687740347638827	2.9687740347638827	1.5382248884786955	2.9687740347638827	0.3537917243501	1.5382248884786955	1.5228426395939085	0.3537917243501	2.9380095369943087	2.9687740347638827	
Math-15	0.10482180293501048	0.10482180293501048	0.10482180293501048	0.10482180293501048	0.10482180293501048	0.10482180293501048	0.10482180293501048	0.10482180293501048	0.10482180293501048	0.13976240391334732	1.8518518518518519	1.9217330538085255	0.03494060097833683	0.06988120195667366	0.13976240391334732	3.4940600978336827	3.3892382948986723	1.8518518518518519	3.3892382948986723	0.8385744234800838	1.8518518518518519	1.7470300489168413	0.8385744234800838	3.3193570929419987	3.3892382948986723	
Math-16	0.1053001053001053	0.1053001053001053	0.0351000351000351	0.0351000351000351	0.9126009126009126	0.1053001053001053	0.2457002457002457	0.1053001053001053	0.8775008775008775	0.0351000351000351	0.3861003861003861	0.3861003861003861	0.0702000702000702	0.0351000351000351	0.0351000351000351	4.212004212004212	4.282204282204282	0.3861003861003861	4.282204282204282	0.9126009126009126	0.3861003861003861	0.3159003159003159	0.9126009126009126	4.212004212004212	4.212004212004212	
Math-17	1.0788381742738589	1.0788381742738589	1.0788381742738589	1.0788381742738589	1.0788381742738589	0.995850622406639	0.995850622406639	1.0788381742738589	1.0788381742738589	1.161825726141079	2.8215767634854774	3.236514522821577	0.08298755186721991	0.16597510373443983	1.161825726141079	1.4937759336099585	0.995850622406639	2.8215767634854774	0.995850622406639	0.6639004149377593	2.8215767634854774	2.4896265560165975	0.6639004149377593	0.7468879668049793	0.995850622406639	
Math-18	
Math-19	
Math-20	
Math-21	0.018628912071535022	0.018628912071535022	0.018628912071535022	0.037257824143070044	0.018628912071535022	0.018628912071535022	0.018628912071535022	0.018628912071535022	0.018628912071535022	0.07451564828614009	0.018628912071535022	0.4098360655737705	0.018628912071535022	0.07451564828614009	0.07451564828614009	4.19150521609538	3.9120715350223545	0.18628912071535023	4.023845007451565	0.8941877794336811	0.29806259314456035	0.018628912071535022	0.8941877794336811	3.8002980625931446	4.19150521609538	
Math-22	0.04342162396873643	0.04342162396873643	0.04342162396873643	0.04342162396873643	0.303951367781155	0.04342162396873643	0.04342162396873643	0.04342162396873643	0.303951367781155	0.08684324793747286	0.04342162396873643	0.17368649587494572	0.08684324793747286	0.08684324793747286	0.04342162396873643	8.814589665653495	8.771168041684758	0.04342162396873643	8.771168041684758	2.388189318280504	0.04342162396873643	0.04342162396873643	2.3447676943117672	8.684324793747287	8.771168041684758	
Math-23	0.3036876355748373	0.3036876355748373	0.3036876355748373	0.3036876355748373	0.3036876355748373	0.3036876355748373	0.3036876355748373	0.3036876355748373	0.3036876355748373	0.04338394793926247	0.3470715835140998	0.3036876355748373	0.04338394793926247	0.04338394793926247	0.04338394793926247	7.462039045553145	7.331887201735358	0.3470715835140998	7.331887201735358	2.125813449023861	0.3470715835140998	0.4772234273318872	2.125813449023861	7.245119305856833	7.331887201735358	
Math-24	0.3044802087864289	0.3044802087864289	0.3044802087864289	0.3044802087864289	0.3044802087864289	0.3044802087864289	0.3044802087864289	0.3044802087864289	0.3044802087864289	0.04349717268377556	0.39147455415397997	0.3044802087864289	0.04349717268377556	0.04349717268377556	0.08699434536755112	7.568508046976946	7.43801652892562	0.39147455415397997	7.43801652892562	2.1313614615050023	0.39147455415397997	0.5219660722053067	2.1313614615050023	7.351022183558069	7.43801652892562	
Math-25	
Math-26	0.33970276008492567	0.33970276008492567	0.33970276008492567	0.33970276008492567	0.33970276008492567	0.29723991507430997	0.29723991507430997	0.33970276008492567	0.33970276008492567	0.3821656050955414	2.1656050955414012	2.2929936305732483	0.04246284501061571	0.08492569002123142	0.3821656050955414	4.45859872611465	4.373673036093418	2.1656050955414012	4.373673036093418	0.7643312101910829	2.1656050955414012	2.08067940552017	0.7643312101910829	4.288747346072187	4.373673036093418	
Math-27	0.051440329218107	0.051440329218107	0.051440329218107	0.051440329218107	0.051440329218107	0.051440329218107	0.051440329218107	0.051440329218107	0.051440329218107	0.102880658436214	0.15432098765432098	0.257201646090535	0.051440329218107	0.102880658436214	0.051440329218107	7.561728395061729	7.458847736625515	0.15432098765432098	7.458847736625515	0.565843621399177	0.15432098765432098	0.051440329218107	0.51440329218107	7.3559670781893	7.458847736625515	
Math-28	0.05074424898511502	0.05074424898511502	0.05074424898511502	0.05074424898511502	0.05074424898511502	0.03382949932341001	0.03382949932341001	0.05074424898511502	0.05074424898511502	0.06765899864682003	0.10148849797023005	0.15223274695534506	0.016914749661705007	0.03382949932341001	0.06765899864682003	4.161028416779431	4.110284167794316	0.10148849797023005	4.110284167794316	1.1671177266576456	0.10148849797023005	0.06765899864682003	1.1671177266576456	4.076454668470906	4.110284167794316	
Math-29	0.029533372711163616	0.029533372711163616	0.029533372711163616	0.029533372711163616	1.2404016538688718	0.029533372711163616	0.8269344359125812	0.029533372711163616	1.0336680448907265	0.05906674542232723	0.029533372711163616	0.14766686355581807	0.05906674542232723	0.05906674542232723	0.029533372711163616	6.0838747784997045	5.9952746603662135	0.08860011813349085	6.0838747784997045	1.3290017720023626	0.08860011813349085	0.029533372711163616	1.299468399291199	5.877141169521559	6.054341405788541	
Math-30	0.036523009495982466	0.036523009495982466	0.036523009495982466	0.036523009495982466	0.036523009495982466	0.036523009495982466	0.036523009495982466	0.036523009495982466	0.036523009495982466	0.07304601899196493	0.1095690284879474	0.18261504747991233	0.036523009495982466	0.07304601899196493	0.036523009495982466	6.866325785244705	6.7932797662527395	0.1095690284879474	6.7932797662527395	1.8991964937910883	0.1095690284879474	0.036523009495982466	1.8626734842951058	6.7202337472607745	6.7932797662527395	
Math-31	0.8169934640522876	0.8496732026143791	1.3725490196078431	1.4379084967320261	0.35947712418300654	0.8169934640522876	1.6993464052287581	0.8169934640522876	0.35947712418300654	0.032679738562091505	0.06535947712418301	0.032679738562091505	0.032679738562091505	0.032679738562091505	0.06535947712418301	2.5163398692810457	2.3856209150326797	0.032679738562091505	2.418300653594771	1.4379084967320261	0.032679738562091505	0.09803921568627451	1.4379084967320261	2.287581699346405	2.4836601307189543	
Math-32	0.02560819462227913	0.02560819462227913	0.02560819462227913	0.02560819462227913	0.02560819462227913	2.330345710627401	2.330345710627401	0.02560819462227913	0.02560819462227913	0.05121638924455826	0.02560819462227913	0.10243277848911651	0.02560819462227913	0.05121638924455826	0.02560819462227913	4.967989756722151	4.942381562099872	0.02560819462227913	4.942381562099872	2.35595390524968	0.02560819462227913	0.02560819462227913	2.330345710627401	4.891165172855314	4.942381562099872	
Math-33	0.12207882804325078	0.12207882804325078	0.12207882804325078	0.12207882804325078	0.12207882804325078	0.12207882804325078	0.12207882804325078	0.12207882804325078	0.12207882804325078	0.13951866062085805	0.4359958144401814	0.4708754795953959	0.017439832577607256	0.03487966515521451	0.13951866062085805	3.6274851761423093	3.5751656784094874	0.4359958144401814	3.5751656784094874	1.028950122078828	0.4359958144401814	0.38367631670735963	1.028950122078828	3.540286013254273	3.5751656784094874	
Math-34	0.5319148936170213	0.5319148936170213	0.5319148936170213	0.5319148936170213	0.5319148936170213	0.5319148936170213	0.5319148936170213	0.5319148936170213	0.5319148936170213	1.0638297872340425	1.5957446808510638	2.6595744680851063	0.5319148936170213	1.0638297872340425	0.5319148936170213	19.680851063829788	18.617021276595743	1.5957446808510638	18.617021276595743	8.51063829787234	1.5957446808510638	0.5319148936170213	7.9787234042553195	17.5531914893617	18.617021276595743	
Math-35	0.19305019305019305	0.19305019305019305	0.19305019305019305	0.19305019305019305	0.19305019305019305	0.19305019305019305	0.19305019305019305	0.19305019305019305	0.19305019305019305	0.3861003861003861	0.3861003861003861	2.1235521235521237	0.19305019305019305	0.3861003861003861	0.3861003861003861	4.826254826254826	3.281853281853282	0.9652509652509652	3.474903474903475	0.19305019305019305	1.3513513513513513	0.19305019305019305	0.19305019305019305	3.088803088803089	4.054054054054054	
Math-36	0.1557632398753894	0.1557632398753894	0.1557632398753894	0.1557632398753894	0.6230529595015576	0.1557632398753894	0.1557632398753894	0.1557632398753894	0.4672897196261682	0.3115264797507788	0.4672897196261682	0.778816199376947	0.3115264797507788	0.3115264797507788	0.1557632398753894	2.4922118380062304	2.4922118380062304	0.4672897196261682	2.4922118380062304	0.6230529595015576	0.4672897196261682	0.1557632398753894	0.6230529595015576	2.336448598130841	2.4922118380062304	
Math-37	0.22948938611589215	0.22948938611589215	0.1721170395869191	0.1721170395869191	2.0654044750430294	0.22948938611589215	0.5737234652897304	0.22948938611589215	1.8359150889271372	0.2868617326448652	0.22948938611589215	0.6884681583476764	0.1721170395869191	0.1721170395869191	0.1721170395869191	8.31899024670109	8.089500860585199	0.2868617326448652	8.204245553643144	2.2948938611589216	0.4589787722317843	0.22948938611589215	2.1801491681009755	7.860011474469306	8.31899024670109	
Math-38	0.019727756954034326	0.019727756954034326	0.019727756954034326	0.019727756954034326	0.019727756954034326	0.8680213059775104	0.8680213059775104	0.019727756954034326	0.019727756954034326	0.019727756954034326	0.019727756954034326	0.019727756954034326	0.019727756954034326	0.019727756954034326	0.019727756954034326	2.959163543105149	2.9788913000591832	0.019727756954034326	2.9788913000591832	0.8680213059775104	0.019727756954034326	0.019727756954034326	0.8680213059775104	2.9394357861511144	2.9788913000591832	
Math-39	
Math-40	0.44865403788634095	0.44865403788634095	0.44865403788634095	0.44865403788634095	0.44865403788634095	0.44865403788634095	0.44865403788634095	0.44865403788634095	0.44865403788634095	0.049850448654037885	1.1964107676969093	1.1465603190428715	0.049850448654037885	0.049850448654037885	0.09970089730807577	7.876370887337986	7.876370887337986	1.1964107676969093	7.876370887337986	2.0438683948155534	1.1964107676969093	1.1465603190428715	2.0438683948155534	7.7766699900299106	7.876370887337986	
Math-41	0.1063264221158958	0.1063264221158958	0.1063264221158958	0.1063264221158958	0.1063264221158958	0.1063264221158958	0.1063264221158958	0.1063264221158958	0.1063264221158958	0.1594896331738437	0.2658160552897395	0.3721424774056353	0.0531632110579479	0.1063264221158958	0.1594896331738437	8.452950558213717	8.293460925039872	0.2658160552897395	8.293460925039872	1.0101010101010102	0.2658160552897395	0.1063264221158958	1.0101010101010102	8.187134502923977	8.293460925039872	
Math-42	0.06949270326615706	0.06949270326615706	0.06949270326615706	0.06949270326615706	0.06949270326615706	0.06949270326615706	0.06949270326615706	0.06949270326615706	0.06949270326615706	0.08686587908269632	0.39958304378040305	0.4343293954134816	0.017373175816539264	0.03474635163307853	0.08686587908269632	3.492008339124392	3.4398888116747743	0.39958304378040305	3.4398888116747743	0.9381514940931203	0.39958304378040305	0.34746351633078526	0.9381514940931203	3.4051424600416955	3.4398888116747743	
Math-43	0.30185424752048295	0.30185424752048295	0.4743423889607589	0.5605864596808969	0.129366106080207	0.30185424752048295	0.129366106080207	0.30185424752048295	0.129366106080207	1.5955153083225528	2.7166882276843465	4.3553255713669685	0.043122035360069	0.172488141440276	1.5955153083225528	5.519620526088832	3.5791289348857265	3.6653730056058644	4.096593359206555	1.1642949547218628	4.225959465286762	2.2854678740836567	1.1642949547218628	3.4497628288055195	5.088400172488141	
Math-44	0.10402219140083217	0.10402219140083217	0.10402219140083217	0.10402219140083217	0.10402219140083217	0.10402219140083217	0.10402219140083217	0.10402219140083217	0.10402219140083217	0.03467406380027739	0.4854368932038835	0.4507628294036061	0.03467406380027739	0.03467406380027739	0.03467406380027739	3.3980582524271843	3.3287101248266295	0.4854368932038835	3.3287101248266295	2.2538141470180304	0.4854368932038835	0.4507628294036061	2.2538141470180304	3.3287101248266295	3.3287101248266295	
Math-45	0.06540222367560497	0.06540222367560497	0.06540222367560497	0.06540222367560497	0.06540222367560497	0.06540222367560497	0.06540222367560497	0.06540222367560497	0.06540222367560497	0.13080444735120994	1.7004578155657293	1.7658600392413342	0.06540222367560497	0.13080444735120994	0.13080444735120994	3.4009156311314586	3.2701111837802483	1.7004578155657293	3.2701111837802483	0.2616088947024199	1.7004578155657293	1.5696533682145193	0.2616088947024199	3.2047089601046435	3.2701111837802483	
Math-46	0.037341299477221805	0.07468259895444361	0.07468259895444361	0.07468259895444361	0.037341299477221805	0.037341299477221805	0.037341299477221805	0.037341299477221805	0.037341299477221805	0.037341299477221805	0.037341299477221805	0.07468259895444361	0.037341299477221805	0.037341299477221805	0.07468259895444361	6.235997012696042	6.123973114264376	0.07468259895444361	6.235997012696042	1.4189693801344287	0.07468259895444361	0.037341299477221805	1.1202389843166543	5.8999253174010455	6.310679611650485	
Math-47	0.07471049682480388	0.07471049682480388	0.07471049682480388	0.07471049682480388	0.07471049682480388	0.03735524841240194	0.03735524841240194	0.07471049682480388	0.07471049682480388	0.03735524841240194	0.07471049682480388	0.07471049682480388	0.03735524841240194	0.03735524841240194	0.07471049682480388	2.2786701531565186	2.2039596563317145	0.07471049682480388	2.2039596563317145	0.14942099364960776	0.07471049682480388	0.07471049682480388	0.14942099364960776	2.1666044079193125	2.2786701531565186	
Math-48	0.0946969696969697	0.0946969696969697	0.0946969696969697	0.0946969696969697	0.0946969696969697	0.0946969696969697	0.0946969696969697	0.0946969696969697	0.0946969696969697	0.12626262626262627	0.31565656565656564	0.3787878787878788	0.03156565656565657	0.06313131313131314	0.12626262626262627	5.8396464646464645	5.744949494949495	0.31565656565656564	5.744949494949495	1.3888888888888888	0.31565656565656564	0.22095959595959597	1.3888888888888888	5.681818181818182	5.744949494949495	
Math-49	0.03094059405940594	0.03094059405940594	0.03094059405940594	0.03094059405940594	0.03094059405940594	0.03094059405940594	0.03094059405940594	0.03094059405940594	0.03094059405940594	0.03094059405940594	0.03094059405940594	0.03094059405940594	0.03094059405940594	0.03094059405940594	0.03094059405940594	4.981435643564357	5.0433168316831685	0.03094059405940594	5.0433168316831685	0.8972772277227723	0.03094059405940594	0.03094059405940594	0.8972772277227723	4.981435643564357	5.0433168316831685	
Math-50	0.031735956839098696	0.031735956839098696	0.031735956839098696	0.031735956839098696	0.031735956839098696	0.06347191367819739	0.06347191367819739	0.031735956839098696	0.031735956839098696	0.06347191367819739	0.031735956839098696	0.12694382735639478	0.031735956839098696	0.06347191367819739	0.031735956839098696	5.553792446842272	5.458584576324976	0.031735956839098696	5.458584576324976	1.047286575690257	0.031735956839098696	0.031735956839098696	1.047286575690257	5.3951126626467785	5.458584576324976	
Math-51	
Math-52	0.033921302578018994	0.033921302578018994	0.033921302578018994	0.033921302578018994	0.033921302578018994	0.033921302578018994	0.033921302578018994	0.033921302578018994	0.033921302578018994	0.033921302578018994	0.06784260515603799	0.06784260515603799	0.033921302578018994	0.033921302578018994	0.033921302578018994	4.918588873812754	4.918588873812754	0.06784260515603799	4.918588873812754	0.40705563093622793	0.06784260515603799	0.033921302578018994	0.40705563093622793	4.850746268656716	4.918588873812754	
Math-53	0.1267427122940431	0.1267427122940431	0.1267427122940431	0.1267427122940431	0.1267427122940431	0.1267427122940431	0.1267427122940431	0.1267427122940431	0.1267427122940431	0.2534854245880862	2.534854245880862	2.788339670468948	0.1267427122940431	0.2534854245880862	0.2534854245880862	6.97084917617237	6.717363751584284	2.534854245880862	6.717363751584284	1.1406844106463878	2.534854245880862	2.2813688212927756	1.1406844106463878	6.4638783269961975	6.717363751584284	
Math-54	0.13812154696132597	0.13812154696132597	0.13812154696132597	0.13812154696132597	0.13812154696132597	0.13812154696132597	0.13812154696132597	0.13812154696132597	0.13812154696132597	0.034530386740331494	0.034530386740331494	0.034530386740331494	0.034530386740331494	0.034530386740331494	0.034530386740331494	3.0386740331491713	2.935082872928177	0.034530386740331494	2.935082872928177	0.3453038674033149	0.034530386740331494	0.034530386740331494	0.3453038674033149	2.866022099447514	2.935082872928177	
Math-55	0.04868549172346641	0.04868549172346641	0.04868549172346641	0.04868549172346641	0.04868549172346641	0.04868549172346641	0.04868549172346641	0.04868549172346641	0.04868549172346641	0.09737098344693282	0.24342745861733203	0.34079844206426485	0.04868549172346641	0.09737098344693282	0.09737098344693282	5.258033106134372	5.111976630963973	0.24342745861733203	5.111976630963973	0.24342745861733203	0.24342745861733203	0.09737098344693282	0.24342745861733203	5.0146056475170395	5.111976630963973	
Math-56	0.039761431411530816	0.039761431411530816	0.039761431411530816	0.039761431411530816	0.07952286282306163	0.039761431411530816	0.039761431411530816	0.039761431411530816	0.039761431411530816	0.07952286282306163	0.039761431411530816	0.15904572564612326	0.07952286282306163	0.07952286282306163	0.039761431411530816	4.850894632206759	4.811133200795228	0.039761431411530816	4.811133200795228	0.43737574552683894	0.039761431411530816	0.039761431411530816	0.3976143141153082	4.731610337972167	4.811133200795228	
Math-57	0.03838771593090211	0.03838771593090211	0.03838771593090211	0.03838771593090211	0.03838771593090211	0.03838771593090211	0.03838771593090211	0.03838771593090211	0.03838771593090211	0.07677543186180422	0.15355086372360843	0.23032629558541268	0.03838771593090211	0.07677543186180422	0.07677543186180422	4.760076775431862	4.644913627639156	0.15355086372360843	4.644913627639156	0.30710172744721687	0.15355086372360843	0.03838771593090211	0.30710172744721687	4.568138195777351	4.644913627639156	
Math-58	0.10634526763559021	0.10634526763559021	0.10634526763559021	0.10634526763559021	0.10634526763559021	0.10634526763559021	0.10634526763559021	0.10634526763559021	0.10634526763559021	0.14179369018078697	0.31903580290677064	0.38993264799716415	0.03544842254519674	0.07089684509039348	0.14179369018078697	5.2109181141439205	5.10457284650833	0.31903580290677064	5.10457284650833	2.3395958879829846	0.31903580290677064	0.21269053527118043	2.3395958879829846	5.033676001417937	5.10457284650833	
Math-59	0.034722222222222224	0.034722222222222224	0.034722222222222224	0.034722222222222224	0.034722222222222224	0.2777777777777778	0.2777777777777778	0.034722222222222224	0.034722222222222224	0.06944444444444445	0.034722222222222224	0.1388888888888889	0.034722222222222224	0.06944444444444445	0.034722222222222224	3.4375	3.4027777777777777	0.034722222222222224	3.4027777777777777	0.3125	0.034722222222222224	0.034722222222222224	0.2777777777777778	3.3333333333333335	3.4027777777777777	
Math-60	2.156205079060853	2.156205079060853	2.156205079060853	2.156205079060853	2.156205079060853	2.1082894106372785	2.1082894106372785	2.156205079060853	2.156205079060853	0.04791566842357451	0.04791566842357451	0.04791566842357451	0.09583133684714902	0.04791566842357451	0.09583133684714902	5.84571154767609	5.893627216099665	0.04791566842357451	5.893627216099665	2.1082894106372785	0.04791566842357451	0.14374700527072354	2.156205079060853	5.941542884523239	5.893627216099665	
Math-61	0.04342162396873643	0.04342162396873643	0.04342162396873643	0.04342162396873643	0.04342162396873643	0.60790273556231	0.60790273556231	0.04342162396873643	0.04342162396873643	0.08684324793747286	0.04342162396873643	0.17368649587494572	0.04342162396873643	0.08684324793747286	0.04342162396873643	4.86322188449848	4.819800260529743	0.04342162396873643	4.819800260529743	0.6513243595310465	0.04342162396873643	0.04342162396873643	0.60790273556231	4.732957012592271	4.819800260529743	
Math-62	0.04448398576512456	0.04448398576512456	0.04448398576512456	0.04448398576512456	0.04448398576512456	0.04448398576512456	0.04448398576512456	0.04448398576512456	0.04448398576512456	0.08896797153024912	0.13345195729537365	0.22241992882562278	0.04448398576512456	0.08896797153024912	0.04448398576512456	5.2935943060498225	5.204626334519573	0.13345195729537365	5.204626334519573	1.1565836298932384	0.13345195729537365	0.04448398576512456	1.112099644128114	5.115658362989324	5.204626334519573	
Math-63	0.05636978579481398	0.05636978579481398	0.05636978579481398	0.05636978579481398	0.05636978579481398	0.11273957158962795	0.11273957158962795	0.05636978579481398	0.05636978579481398	0.11273957158962795	0.05636978579481398	0.2254791431792559	0.05636978579481398	0.11273957158962795	0.05636978579481398	5.2987598647125145	5.2423900789177	0.05636978579481398	5.2423900789177	0.16910935738444194	0.05636978579481398	0.05636978579481398	0.11273957158962795	5.129650507328072	5.2423900789177	
Math-64	2.0376175548589344	2.0376175548589344	2.19435736677116	2.19435736677116	2.0376175548589344	2.0376175548589344	2.19435736677116	2.0376175548589344	2.0376175548589344	0.15673981191222572	0.31347962382445144	0.31347962382445144	0.15673981191222572	0.15673981191222572	0.15673981191222572	1.4106583072100314	1.4106583072100314	0.31347962382445144	1.4106583072100314	0.7836990595611285	0.31347962382445144	0.31347962382445144	0.7836990595611285	1.4106583072100314	1.4106583072100314	
Math-65	0.027382256297918947	0.027382256297918947	0.027382256297918947	0.027382256297918947	0.027382256297918947	0.2738225629791895	0.2738225629791895	0.027382256297918947	0.027382256297918947	0.054764512595837894	0.027382256297918947	0.10952902519167579	0.027382256297918947	0.054764512595837894	0.027382256297918947	1.8346111719605696	1.7524644030668126	0.027382256297918947	1.7524644030668126	0.8762322015334063	0.027382256297918947	0.027382256297918947	0.8762322015334063	1.7524644030668126	1.7524644030668126	
Math-66	0.21941854086670323	0.21941854086670323	0.10970927043335162	0.10970927043335162	0.10970927043335162	0.16456390565002743	0.10970927043335162	0.21941854086670323	0.10970927043335162	0.05485463521667581	0.10970927043335162	0.05485463521667581	0.05485463521667581	0.05485463521667581	0.21941854086670323	5.869445968184311	4.552934722984092	0.05485463521667581	5.595172792100932	1.7553483269336259	0.05485463521667581	0.10970927043335162	0.7131102578167855	3.9495337356006583	5.979155238617663	
Math-67	0.14925373134328357	0.14925373134328357	0.14925373134328357	0.14925373134328357	0.14925373134328357	2.388059701492537	2.388059701492537	0.14925373134328357	0.14925373134328357	0.14925373134328357	0.14925373134328357	0.14925373134328357	0.14925373134328357	0.14925373134328357	0.14925373134328357	5.373134328358209	5.6716417910447765	0.14925373134328357	5.6716417910447765	2.2388059701492535	0.14925373134328357	0.14925373134328357	2.388059701492537	5.373134328358209	5.6716417910447765	
Math-68	0.8237232289950577	0.8237232289950577	0.9884678747940692	0.9884678747940692	0.8237232289950577	0.8237232289950577	0.8237232289950577	0.8237232289950577	0.8237232289950577	0.16474464579901152	2.3064250411861615	2.1416803953871497	0.16474464579901152	0.16474464579901152	0.16474464579901152	1.6474464579901154	1.6474464579901154	2.1416803953871497	1.6474464579901154	0.6589785831960461	2.1416803953871497	2.9654036243822075	0.6589785831960461	1.4827018121911038	1.6474464579901154	
Math-69	0.060006000600060005	0.060006000600060005	0.060006000600060005	0.060006000600060005	0.060006000600060005	0.030003000300030003	0.030003000300030003	0.060006000600060005	0.060006000600060005	0.09000900090009001	0.15001500150015	0.42004200420042004	0.030003000300030003	0.060006000600060005	0.09000900090009001	3.6303630363036303	3.3903390339033903	0.21002100210021002	3.4503450345034503	1.08010801080108	0.3000300030003	0.060006000600060005	1.08010801080108	3.2703270327032703	3.5403540354035403	
Math-70	0.5494505494505495	0.5494505494505495	0.5494505494505495	0.5494505494505495	0.5494505494505495	4.945054945054945	4.945054945054945	0.5494505494505495	0.5494505494505495	1.098901098901099	0.5494505494505495	2.197802197802198	0.5494505494505495	1.098901098901099	0.5494505494505495	19.78021978021978	19.23076923076923	0.5494505494505495	19.23076923076923	5.4945054945054945	0.5494505494505495	0.5494505494505495	4.945054945054945	18.13186813186813	19.23076923076923	
Math-71	0.09033423667570009	0.09033423667570009	0.09033423667570009	0.09033423667570009	3.5230352303523036	0.09033423667570009	0.09033423667570009	0.09033423667570009	3.3423667570009035	0.18066847335140018	0.09033423667570009	0.36133694670280037	0.18066847335140018	0.18066847335140018	0.09033423667570009	10.20776874435411	10.11743450767841	0.09033423667570009	10.11743450767841	5.9620596205962055	0.09033423667570009	0.09033423667570009	5.871725383920506	9.93676603432701	10.11743450767841	
Math-72	0.43859649122807015	0.43859649122807015	0.43859649122807015	0.43859649122807015	0.43859649122807015	7.017543859649122	7.017543859649122	0.43859649122807015	0.43859649122807015	0.43859649122807015	0.43859649122807015	0.43859649122807015	0.43859649122807015	0.43859649122807015	0.43859649122807015	20.614035087719298	21.05263157894737	0.43859649122807015	21.05263157894737	7.017543859649122	0.43859649122807015	0.43859649122807015	7.017543859649122	20.17543859649123	21.05263157894737	
Math-73	
Math-74	0.6046210321744764	0.6046210321744764	0.6046210321744764	0.6046210321744764	0.6046210321744764	0.6046210321744764	0.6046210321744764	0.6046210321744764	0.6046210321744764	0.021593608291945583	0.259123299503347	0.21593608291945585	0.021593608291945583	0.021593608291945583	0.043187216583891165	2.4832649535737423	2.4184841286979055	0.259123299503347	2.4184841286979055	1.4683653638522998	0.259123299503347	0.259123299503347	1.4683653638522998	2.3968905204059596	2.4184841286979055	
Math-75	0.7633587786259542	0.7633587786259542	0.7633587786259542	0.7633587786259542	0.7633587786259542	10.687022900763358	10.687022900763358	0.7633587786259542	0.7633587786259542	1.5267175572519085	0.7633587786259542	3.053435114503817	0.7633587786259542	1.5267175572519085	0.7633587786259542	11.450381679389313	10.687022900763358	0.7633587786259542	10.687022900763358	8.396946564885496	0.7633587786259542	0.7633587786259542	7.633587786259542	9.16030534351145	10.687022900763358	
Math-76	0.0983671060397403	0.0983671060397403	0.11804052724768838	0.11804052724768838	0.0983671060397403	0.0983671060397403	0.0983671060397403	0.0983671060397403	0.0983671060397403	0.01967342120794806	0.0983671060397403	0.05902026362384419	0.01967342120794806	0.01967342120794806	0.05902026362384419	2.459177650993508	2.3214637025378715	0.07869368483179225	2.3608105449537673	1.0623647452291953	0.05902026362384419	0.1573873696635845	1.0623647452291953	2.223096596498131	2.4198308085776117	
Math-77	0.021910604732690624	0.021910604732690624	0.021910604732690624	0.021910604732690624	0.04382120946538125	0.021910604732690624	0.021910604732690624	0.021910604732690624	0.04382120946538125	0.04382120946538125	0.021910604732690624	0.0876424189307625	0.04382120946538125	0.04382120946538125	0.021910604732690624	2.541630148992112	2.5197195442594214	0.021910604732690624	2.5197195442594214	0.37248028045574055	0.021910604732690624	0.021910604732690624	0.35056967572305	2.4758983347940404	2.5197195442594214	
Math-78	
Math-79	0.6122448979591837	0.6122448979591837	0.6122448979591837	0.6122448979591837	0.6122448979591837	0.6122448979591837	0.6122448979591837	0.6122448979591837	0.6122448979591837	0.8163265306122449	1.4285714285714286	1.836734693877551	0.20408163265306123	0.40816326530612246	0.8163265306122449	5.510204081632653	4.8979591836734695	1.4285714285714286	4.8979591836734695	0.6122448979591837	1.4285714285714286	0.8163265306122449	0.6122448979591837	4.489795918367347	4.8979591836734695	
Math-80	0.022614201718679332	0.022614201718679332	0.022614201718679332	0.022614201718679332	0.022614201718679332	0.9724106739032112	0.9724106739032112	0.022614201718679332	0.022614201718679332	0.045228403437358664	0.022614201718679332	0.09045680687471733	0.022614201718679332	0.045228403437358664	0.022614201718679332	2.804161013116237	2.7815468113975577	0.022614201718679332	2.7815468113975577	0.9950248756218906	0.022614201718679332	0.022614201718679332	0.9724106739032112	2.736318407960199	2.7815468113975577	
Math-81	0.022619316896629722	0.022619316896629722	0.022619316896629722	0.022619316896629722	0.022619316896629722	0.022619316896629722	0.022619316896629722	0.022619316896629722	0.022619316896629722	0.022619316896629722	0.06785795068988916	0.06785795068988916	0.022619316896629722	0.022619316896629722	0.022619316896629722	1.7416874010404886	1.6738294503505995	0.06785795068988916	1.6738294503505995	0.565482922415743	0.06785795068988916	0.022619316896629722	0.565482922415743	1.62859081655734	1.6738294503505995	
Math-82	0.2997002997002997	0.2997002997002997	0.2997002997002997	0.2997002997002997	0.2997002997002997	0.2997002997002997	0.2997002997002997	0.2997002997002997	0.2997002997002997	0.34965034965034963	0.999000999000999	1.098901098901099	0.04995004995004995	0.0999000999000999	0.34965034965034963	4.245754245754246	4.095904095904096	0.999000999000999	4.095904095904096	1.1488511488511488	0.999000999000999	0.8491508491508492	1.1488511488511488	3.996003996003996	4.095904095904096	
Math-83	0.19990004997501248	0.19990004997501248	0.19990004997501248	0.19990004997501248	0.19990004997501248	0.19990004997501248	0.19990004997501248	0.19990004997501248	0.19990004997501248	0.24987506246876562	0.7496251874062968	0.8495752123938031	0.04997501249375312	0.09995002498750624	0.24987506246876562	3.99800099950025	3.8480759620189904	0.7496251874062968	3.8480759620189904	0.9995002498750625	0.7496251874062968	0.5997001499250375	0.9995002498750625	3.7481259370314843	3.8480759620189904	
Math-84	0.796812749003984	0.796812749003984	0.796812749003984	0.796812749003984	3.585657370517928	1.593625498007968	2.3904382470119523	0.796812749003984	3.585657370517928	0.796812749003984	1.9920318725099602	2.3904382470119523	0.796812749003984	0.796812749003984	1.1952191235059761	13.147410358565738	12.350597609561753	1.593625498007968	12.350597609561753	8.764940239043824	1.593625498007968	0.796812749003984	9.163346613545817	11.55378486055777	11.952191235059761	
Math-85	2.3655913978494625	2.3655913978494625	2.3655913978494625	2.3655913978494625	2.3655913978494625	2.150537634408602	2.150537634408602	2.3655913978494625	2.3655913978494625	2.5806451612903225	5.376344086021505	6.021505376344086	0.21505376344086022	0.43010752688172044	2.5806451612903225	11.612903225806452	11.182795698924732	5.376344086021505	11.182795698924732	3.870967741935484	5.376344086021505	5.161290322580645	3.870967741935484	10.75268817204301	11.182795698924732	
Math-86	0.13596193065941536	0.13596193065941536	0.20394289598912305	0.20394289598912305	0.13596193065941536	0.13596193065941536	0.13596193065941536	0.13596193065941536	0.13596193065941536	0.06798096532970768	0.06798096532970768	0.06798096532970768	0.06798096532970768	0.06798096532970768	0.06798096532970768	4.418762746431	3.7389530931339223	0.06798096532970768	3.874915023793338	1.4276002719238614	0.06798096532970768	0.06798096532970768	1.3596193065941535	3.5350101971447994	4.078857919782461	
Math-87	0.40100250626566414	0.40100250626566414	0.40100250626566414	0.40100250626566414	0.40100250626566414	0.40100250626566414	0.40100250626566414	0.40100250626566414	0.40100250626566414	0.45112781954887216	1.1528822055137844	1.2531328320802004	0.05012531328320802	0.10025062656641603	0.45112781954887216	3.508771929824561	3.3583959899749374	1.1528822055137844	3.3583959899749374	1.0526315789473684	1.1528822055137844	1.0025062656641603	1.0526315789473684	3.2581453634085213	3.3583959899749374	
Math-88	0.05012531328320802	0.05012531328320802	0.05012531328320802	0.05012531328320802	0.05012531328320802	0.05012531328320802	0.05012531328320802	0.05012531328320802	0.05012531328320802	0.10025062656641603	0.20050125313283207	0.3007518796992481	0.05012531328320802	0.10025062656641603	0.10025062656641603	4.010025062656641	3.8596491228070176	0.20050125313283207	3.8596491228070176	1.3032581453634084	0.20050125313283207	0.05012531328320802	1.3032581453634084	3.7593984962406015	3.8596491228070176	
Math-89	0.9259259259259259	0.9259259259259259	0.9259259259259259	0.9259259259259259	0.9259259259259259	0.9259259259259259	0.9259259259259259	0.9259259259259259	0.9259259259259259	0.9259259259259259	1.8518518518518519	1.8518518518518519	0.9259259259259259	0.9259259259259259	0.9259259259259259	10.185185185185185	10.185185185185185	1.8518518518518519	10.185185185185185	0.9259259259259259	1.8518518518518519	0.9259259259259259	0.9259259259259259	8.333333333333334	10.185185185185185	
Math-90	1.8867924528301887	1.8867924528301887	1.8867924528301887	1.8867924528301887	1.8867924528301887	1.8867924528301887	1.8867924528301887	1.8867924528301887	1.8867924528301887	2.830188679245283	4.716981132075472	6.60377358490566	0.9433962264150944	1.8867924528301887	2.830188679245283	12.264150943396226	9.433962264150944	4.716981132075472	9.433962264150944	0.9433962264150944	4.716981132075472	1.8867924528301887	0.9433962264150944	7.547169811320755	9.433962264150944	
Math-91	0.2127659574468085	0.2127659574468085	0.2127659574468085	0.2127659574468085	0.2127659574468085	1.4893617021276595	1.4893617021276595	0.2127659574468085	0.2127659574468085	0.425531914893617	0.2127659574468085	0.851063829787234	0.2127659574468085	0.425531914893617	0.2127659574468085	8.297872340425531	8.085106382978724	0.2127659574468085	8.085106382978724	1.702127659574468	0.2127659574468085	0.2127659574468085	1.4893617021276595	7.659574468085107	8.085106382978724	
Math-92	0.44052863436123346	0.44052863436123346	0.44052863436123346	0.44052863436123346	0.44052863436123346	0.44052863436123346	0.44052863436123346	0.44052863436123346	0.44052863436123346	0.44052863436123346	0.8810572687224669	0.8810572687224669	0.44052863436123346	0.44052863436123346	0.44052863436123346	7.488986784140969	7.048458149779735	0.8810572687224669	7.048458149779735	1.7621145374449338	0.8810572687224669	0.44052863436123346	1.7621145374449338	6.607929515418502	7.048458149779735	
Math-93	0.9009009009009009	0.9009009009009009	0.9009009009009009	0.9009009009009009	0.9009009009009009	0.45045045045045046	0.45045045045045046	0.9009009009009009	0.9009009009009009	1.3513513513513513	1.3513513513513513	2.7027027027027026	0.45045045045045046	0.9009009009009009	0.9009009009009009	10.36036036036036	9.00900900900901	1.3513513513513513	9.00900900900901	0.45045045045045046	1.3513513513513513	0.9009009009009009	0.45045045045045046	8.108108108108109	9.00900900900901	
Math-94	1.8099547511312217	1.8099547511312217	1.8099547511312217	1.8099547511312217	1.8099547511312217	1.8099547511312217	1.8099547511312217	1.8099547511312217	1.8099547511312217	2.262443438914027	9.502262443438914	9.502262443438914	0.45248868778280543	0.9049773755656109	2.262443438914027	1.3574660633484164	0.9049773755656109	9.502262443438914	0.9049773755656109	0.45248868778280543	9.502262443438914	9.049773755656108	0.45248868778280543	0.9049773755656109	0.9049773755656109	
Math-95	0.4434589800443459	0.4434589800443459	0.4434589800443459	0.4434589800443459	0.4434589800443459	0.4434589800443459	0.4434589800443459	0.4434589800443459	0.4434589800443459	0.6651884700665188	1.1086474501108647	1.5521064301552105	0.22172949002217296	0.4434589800443459	0.6651884700665188	17.073170731707318	16.407982261640797	1.1086474501108647	16.407982261640797	4.656319290465632	1.1086474501108647	0.4434589800443459	4.656319290465632	15.964523281596453	16.407982261640797	
Math-96	3.125	3.125	3.125	3.125	3.125	3.125	3.125	3.125	3.125	3.90625	19.53125	20.3125	0.78125	1.5625	3.90625	7.8125	7.03125	19.53125	7.03125	5.46875	19.53125	18.75	5.46875	6.25	7.03125	
Math-97	3.2110091743119265	3.2110091743119265	3.2110091743119265	3.2110091743119265	3.2110091743119265	3.2110091743119265	3.2110091743119265	3.2110091743119265	3.2110091743119265	3.669724770642202	13.761467889908257	13.761467889908257	0.45871559633027525	0.9174311926605505	3.669724770642202	5.504587155963303	5.045871559633028	13.761467889908257	5.045871559633028	3.669724770642202	13.761467889908257	13.302752293577981	3.669724770642202	5.045871559633028	5.045871559633028	
Math-98	0.10298661174047374	0.10298661174047374	0.10298661174047374	0.10298661174047374	0.10298661174047374	0.10298661174047374	0.10298661174047374	0.10298661174047374	0.10298661174047374	0.2059732234809475	0.411946446961895	0.6179196704428425	0.10298661174047374	0.2059732234809475	0.2059732234809475	4.840370751802266	4.531410916580844	0.411946446961895	4.531410916580844	1.0298661174047374	0.411946446961895	0.10298661174047374	1.0298661174047374	4.222451081359424	4.531410916580844	
Math-99	0.31645569620253167	0.31645569620253167	0.31645569620253167	0.31645569620253167	1.5822784810126582	0.31645569620253167	0.31645569620253167	0.31645569620253167	1.2658227848101267	0.6329113924050633	0.31645569620253167	1.2658227848101267	0.6329113924050633	0.6329113924050633	0.31645569620253167	1.8987341772151898	2.2151898734177213	0.31645569620253167	2.2151898734177213	1.5822784810126582	0.31645569620253167	0.31645569620253167	1.5822784810126582	2.2151898734177213	2.2151898734177213	
Math-100	0.3110419906687403	0.3110419906687403	0.3110419906687403	0.3110419906687403	0.3110419906687403	0.3110419906687403	0.3110419906687403	0.3110419906687403	0.3110419906687403	0.15552099533437014	0.3110419906687403	0.3110419906687403	0.15552099533437014	0.15552099533437014	0.3110419906687403	7.620528771384137	7.620528771384137	0.3110419906687403	7.620528771384137	4.510108864696734	0.3110419906687403	0.3110419906687403	4.510108864696734	7.309486780715397	7.620528771384137	
Math-101	2.142857142857143	2.142857142857143	2.142857142857143	2.142857142857143	2.142857142857143	2.142857142857143	2.142857142857143	2.142857142857143	2.142857142857143	3.5714285714285716	7.857142857142857	11.428571428571429	0.7142857142857143	1.4285714285714286	3.5714285714285716	6.428571428571429	1.4285714285714286	8.571428571428571	3.5714285714285716	1.4285714285714286	11.428571428571429	6.428571428571429	1.4285714285714286	1.4285714285714286	5.0	
Math-102	0.8547008547008547	0.9615384615384616	0.9615384615384616	1.0683760683760684	0.7478632478632479	0.6410256410256411	0.6410256410256411	0.8547008547008547	0.7478632478632479	3.5256410256410255	0.7478632478632479	7.051282051282051	0.10683760683760683	0.6410256410256411	3.5256410256410255	9.294871794871796	3.0982905982905984	4.273504273504273	5.448717948717949	1.2820512820512822	6.837606837606837	0.7478632478632479	1.2820512820512822	2.9914529914529915	9.188034188034187	
Math-103	1.694915254237288	1.694915254237288	1.694915254237288	1.694915254237288	1.694915254237288	1.271186440677966	1.271186440677966	1.694915254237288	1.694915254237288	2.1186440677966103	3.8135593220338984	5.084745762711864	0.423728813559322	0.847457627118644	2.1186440677966103	13.983050847457626	13.135593220338983	3.8135593220338984	13.135593220338983	7.203389830508475	3.8135593220338984	3.389830508474576	7.203389830508475	12.288135593220339	13.135593220338983	
Math-104	
Math-105	1.4705882352941178	1.4705882352941178	1.4705882352941178	1.4705882352941178	1.4705882352941178	1.4705882352941178	1.4705882352941178	1.4705882352941178	1.4705882352941178	2.9411764705882355	2.9411764705882355	7.352941176470588	1.4705882352941178	2.9411764705882355	1.4705882352941178	7.352941176470588	5.882352941176471	2.9411764705882355	5.882352941176471	2.9411764705882355	2.9411764705882355	1.4705882352941178	1.4705882352941178	1.4705882352941178	5.882352941176471	
Math-106	
